<?xml version="1.0" encoding="UTF-8"?>
<!DOCTYPE sun-web-app PUBLIC "-//Sun Microsystems, Inc.//DTD Application Server 8.1 Servlet 2.4//EN" "http://www.sun.com/software/appserver/dtds/sun-web-app_2_4-1.dtd">

<sun-web-app>
   <context-root>/ConsultaPrevia</context-root>
   <!-- Adiconado para fazer o monitoramento.  -->
   <security-role-mapping>
      <role-name>authorized</role-name>
      <group-name>authorized</group-name>
	</security-role-mapping>

   <resource-ref>
      <res-ref-name>jdbc/datasource</res-ref-name>
      <jndi-name>jdbc/CicloConsultaPrevia</jndi-name>
   </resource-ref>
</sun-web-app>
