<included>
	<appender name="FILE" class="ch.qos.logback.core.rolling.RollingFileAppender">
		<file>/opt/IBM/WebSphere/app/logs/consultaprevia.log</file>
		<rollingPolicy class="ch.qos.logback.core.rolling.TimeBasedRollingPolicy">
			<!-- daily rollover -->
			<fileNamePattern>/opt/IBM/WebSphere/app/logs/consultaprevia.%d{yyyy-MM-dd-a}.gz
			</fileNamePattern>
		</rollingPolicy>

		<layout class="ch.qos.logback.classic.PatternLayout">
			<Pattern>[#|%d{yyyy-MM-dd'T'HH:mm:ss.SSS}|%-5level|%logger|%thread|%X{id}|%msg#]%n
			</Pattern>
		</layout>
	</appender>

	<logger name="net.sf.ehcache" level="INFO" />
	<logger name="org.apache.jasper" level="OFF" />

	<root level="${log.level:-INFO}">
		<appender-ref ref="FILE" />
	</root>
</included>